{"H2O_g": -2.1885175623631086, "H2_g": -0.03877479969066561, "N2_g": -0.35693226272427026, "NH3_g": -0.28343721629673935, "O2_g": -0.45371512803797365, "H2NNH2_s": -0.7445535956607623, "H2NNH_s": -0.24513804747387735, "H_s": 0.0, "N2H2_s": 0.3256829627579275, "N2H_s": 1.0632728639844786, "N2_s": -0.7557457410046048, "NH2_s": -0.41498641692576077, "NH3_s": -2.2215822546899613, "O2_s": -0.7535788720848189, "H_g": -0.019387399845332803}