{"H2O_g": -2.552517562363109, "H2_g": -0.03877479969066561, "N2_g": -0.35693226272427026, "NH3_g": -0.7364372162967394, "O2_g": -0.45371512803797365, "H2NNH2_s": -1.6891525446749833, "H2NNH_s": -0.9871191036820239, "H_s": 0.0, "N2H2_s": -0.1255451718330921, "N2H_s": 0.9598116983278246, "N2_s": -0.824248027973001, "NH2_s": -0.27501942755597886, "NH3_s": -2.934257200682053, "O2_s": -0.40323374078964774, "H_g": -0.019387399845332803}