{"H2O_g": -2.1885175623631086, "H2_g": -0.03877479969066561, "N2_g": -0.35693226272427026, "NH3_g": -0.28343721629673935, "O2_g": -0.45371512803797365, "H2NNH2_s": -0.1044765187162433, "H2NNH_s": 0.3967829773340481, "H_s": 0.0, "N2H2_s": 0.7629678729819959, "N2H_s": -0.8971386989588865, "N2_s": -0.5897259776858194, "NH2_s": 0.40022644507319594, "NH3_s": -1.6925978148452103, "O2_s": -0.435034683867922, "H_g": -0.019387399845332803}