{
    "OH_s": {
        "mean": -4.32157777851281,
        "std": 0.4655276639860337
    },
    "O2_s": {
        "mean": -0.4419347062131063,
        "std": 0.31592652990370307
    },
    "H2NNH2_s": {
        "mean": -1.4773283076397628,
        "std": 0.4435005545160904
    },
    "N_s": {
        "mean": 0.0035851310868906692,
        "std": 0.3099193090285736
    },
    "NH2_s": {
        "mean": -0.18234089897336841,
        "std": 0.34839309827424364
    },
    "N2H_s": {
        "mean": -1.2179047199072852,
        "std": 0.32175646729751345
    },
    "NH3_s": {
        "mean": -2.654199013053749,
        "std": 0.31898602965884076
    },
    "N2_s": {
        "mean": -0.6603447840694644,
        "std": 0.2784429517609174
    },
    "H2NNH_s": {
        "mean": -0.6435605856564274,
        "std": 0.48485893381139344
    },
    "O_s": {
        "mean": -2.5608909832631626,
        "std": 0.2850086063272412
    },
    "N2H2_s": {
        "mean": 0.022134599066838782,
        "std": 0.4279820056922921
    },
    "O2_g": {
        "mean": 0.0,
        "std": 0.0
    },
    "NH3_g": {
        "mean": -3.0375701953744285e-16,
        "std": 1.7763280533044267e-14
    },
    "N2_g": {
        "mean": 0.0,
        "std": 0.0
    },
    "H2_g": {
        "mean": 0.0,
        "std": 0.0
    },
    "H_g": {
        "mean": 0.0,
        "std": 0.0
    },
    "N_g": {
        "mean": 0.0,
        "std": 0.0
    },
    "O_g": {
        "mean": 0.0,
        "std": 0.0
    }
}