{"H2O_g": -2.552517562363109, "H2_g": -0.03877479969066561, "N2_g": -0.35693226272427026, "NH3_g": -0.7364372162967394, "O2_g": -0.45371512803797365, "H2NNH2_s": -0.9416177523928049, "H2NNH_s": -0.20728521471574646, "H_s": 0.0, "N2H2_s": 0.47925586232188533, "N2H_s": -1.7748923618781902, "N2_s": -0.5441770606086068, "NH2_s": 0.23238376544423456, "NH3_s": -2.2374797272564093, "O2_s": -0.3926503259805469, "H_g": -0.019387399845332803}