{"O5V2_59_2_0_011": {"ads_slab": {"O2_ontop": 0, "N2_ontop": -41739.039435785664}, "slab": {"slab": -41183.80214151442}}, "O5P1V1_top_relax_remove_O2": {"ads_slab": {"O2": -19125.12933627558, "N2": 0}, "slab": {"slab": -17970.773747920997}}, "O5V2_59_2_8_010": {"ads_slab": {"O2_bridge": -42336.766514669864, "N2_bridge": -41739.162350259896}, "slab": {"slab": -41184.1340763164}}, "O2Ti1_87_2_14_111": {"ads_slab": {"O2_bridge": -34659.72135215084, "N2_bridge": -34063.553531530226}, "slab": {"slab": -33508.369964691694}}, "O2Ti1_225_1_0_10-1": {"ads_slab": {"O2_ontop": -29072.580724445954, "N2_ontop": -28475.809306596148}, "slab": {"slab": -27920.34325372651}}, "Mo2O11P2_2_2_0_001": {"ads_slab": {"O2_ontop": -22149.59934417774, "N2_ontop": -21553.61489869484}, "slab": {"slab": -20998.440464140254}}, "O2Ti1_12_2_5_010": {"ads_slab": {"O2_bridge": -45839.1863326046, "N2_bridge": -45242.54725760561}, "slab": {"slab": -44687.36736496069}}, "O2Ti1_62_1_1_100": {"ads_slab": {"O2_bridge": -34657.46598329263, "N2_bridge": -34060.84123819375}, "slab": {"slab": -33505.71470894361}}, "O2Ti1_25_2_1_100": {"ads_slab": {"O2_ontop": -23487.17483673448, "N2_ontop": -22890.139158721835}, "slab": {"slab": -22334.579218287992}}, "O2Ti1_160_2_5_101": {"ads_slab": {"O2_bridge": -23485.853779303514, "N2_bridge": -22889.21033667441}, "slab": {"slab": -22334.096507970087}}, "O2Ti1_8_2_0_001": {"ads_slab": {"O2_ontop": -45833.833389523395, "N2_ontop": -45237.3075196848}, "slab": {"slab": -44682.16917479721}}, "Mo3O8_12_1_15_101": {"ads_slab": {"O2_bridge": 0, "N2_bridge": 0}, "slab": {"slab": 0}}, "Mo3O8_0_101": {"ads_slab": {"O2": 0, "N2": 0}, "slab": {"slab": 0}}, "O5V2_63_2_7_100": {"ads_slab": {"O2_bridge": -42335.64679025726, "N2_bridge": -41739.02188775135}, "slab": {"slab": -41184.08143586838}}, "O5V2_63_2_0_100": {"ads_slab": {"O2_ontop": -42335.64862803689, "O2_bridge": -42335.73181009763, "N2_bridge": -41739.11925371707, "N2_ontop": -41739.027858099325}, "slab": {"slab": -41184.081315970114}}, "O2Ti1_62_1_0_100": {"ads_slab": {"O2_ontop": -34657.508476755465, "N2_ontop": -34060.833809458985}, "slab": {"slab": -33505.714700635086}}, "O3Sc2_148_4_5_100": {"ads_slab": {"O2_bridge": -18176.669035300514, "N2_bridge": -17579.30759739112}, "slab": {"slab": -17023.967672205898}}, "O2V1_2_0_1_101": {"ads_slab": {"O2_ontop": -32579.822793263244, "O2_hollow": -32579.86714441327, "N2_hollow": 0, "N2_ontop": 0}, "slab": {"slab": -31427.267879283092}}, "O5V2_63_2_0_101": {"ads_slab": {"O2_ontop": -42336.08804616849, "N2_ontop": -41739.48612240129}, "slab": {"slab": -41184.217113168146}}, "O12V5_1_1_6_111": {"ads_slab": {"O2_bridge": -34892.79292318524, "N2_bridge": -34296.077675948385}, "slab": {"slab": -33740.94840530263}}, "O2V1_010": {"ads_slab": {"O2": 0, "N2": 0}, "slab": {"slab": 0}}, "O5V2_59_2_1_010": {"ads_slab": {"O2_bridge": 0, "N2_bridge": -41739.22701801278}, "slab": {"slab": -41184.143071459}}, "O5V2_63_2_1_101": {"ads_slab": {"O2_ontop": -42336.461114881284, "N2_ontop": -41739.474497928255}, "slab": {"slab": -41184.21480466452}}, "O2Ti1_160_2_0_111": {"ads_slab": {"O2_ontop": -23488.537115545318, "N2_ontop": -22891.51049435148}, "slab": {"slab": -22335.922381397304}}, "O5P1V1_remove_V": {"ads_slab": {"O2_b": -16558.41144844686, "N2_b": -15962.43995080587, "O2": -16559.170047035575, "N2": -15961.950313943022}, "slab": {"slab": -15407.21560041361}}, "O3Sc2_148_4_1_101": {"ads_slab": {"O2_ontop": -26695.874861642034, "O2_bridge": -26696.124273120426, "N2_bridge": -26092.472031242352, "N2_ontop": -26099.2824554846}, "slab": {"slab": -25543.967188741157}}, "O2Ti1_152_3_8_111": {"ads_slab": {"O2_bridge": 0, "N2_bridge": -34058.96988131521}, "slab": {"slab": -33503.34349278949}}, "O5P1V1_remove_bottom_O_on_V": {"ads_slab": {"O2_a": -15981.897340556947, "N2_a": -15383.214348958569}, "slab": {"slab": -14827.068946635136}}, "Mo1O3_62_0_0_111": {"ads_slab": {"O2_ontop": 0, "N2_ontop": 0}, "slab": {"slab": -43309.802685735885}}, "O2Ti1_160_2_0_10-1": {"ads_slab": {"O2_ontop": -34655.449615733254, "N2_ontop": -34058.28393435185}, "slab": {"slab": -33503.100154270156}}, "Nb1O5P1_85_3_0_100": {"ads_slab": {"O2_ontop": -32156.10202587773, "N2_ontop": -31556.468460624867}, "slab": {"slab": -31001.463184704076}}, "Mo1O5": {"ads_slab": {"O2": -39234.828554688844, "N2": -38637.744504329465}, "slab": {"slab": -38082.522903440455}}, "O2Ti1_160_2_7_111": {"ads_slab": {"O2_bridge": -23488.5375928057, "N2_bridge": -22891.50161468023}, "slab": {"slab": -22335.923362653513}}, "O2Ti1_152_3_0_001": {"ads_slab": {"O2_ontop": -17907.438558367994, "N2_ontop": -17310.75893819574}, "slab": {"slab": -16754.984218964408}}, "Mo1O5_6_0_5_110": {"ads_slab": {"O2_bridge": 0, "N2_bridge": -29116.509566696583}, "slab": {"slab": -28561.453672535958}}, "O5P1V1_remove_3O": {"ads_slab": {"O2": -18545.359266078744, "N2": -17946.178182589687}, "slab": {"slab": -17388.735956042314}}, "O2V1_100": {"ads_slab": {"O2": 0, "N2": 0}, "slab": {"slab": 0}}}